{"train": [5.287988104957202, 4.9757673447810635, 4.874722018876835, 4.812411297083523, 4.770501835227947, 4.735549031598761, 4.706893097949712, 4.680396131062321, 4.655930104517127, 4.637565982559642, 4.616090635095501, 4.596395612074252, 4.580362695937991, 4.562781345128391, 4.543273099097508, 4.525861650471899, 4.5098446753877885, 4.493898627029698, 4.476527338550857, 4.461499417108282, 4.44584736687085, 4.4312027017379245, 4.416359734597467, 4.400064267937882, 4.386682311175075, 4.372042556344374, 4.357278215044784, 4.343370399026895, 4.329126496227852, 4.314949694252512, 4.301668353865103, 4.287930152434904, 4.274928894740172, 4.260100370910087, 4.249688203901286, 4.237047487388391, 4.2246829125028365, 4.212500212397961, 4.201068836466139, 4.190737749204312, 4.178566059306769, 4.1682414155716065, 4.158593601719829, 4.148933089433077, 4.138223619436159, 4.129646296289509, 4.119800322360843, 4.111580042552699, 4.102360988721524, 4.094713364817766], "val": [5.03253653049469, 4.92674320936203, 4.844598364830017, 4.855562746524811, 4.788534545898438, 4.777331066131592, 4.771706604957581, 4.767800271511078, 4.7604434251785275, 4.74147914648056, 4.740007162094116, 4.7304789304733275, 4.724555099010468, 4.708760523796082, 4.689938163757324, 4.702357876300812, 4.682979655265808, 4.686158585548401, 4.679858458042145, 4.6695592045784, 4.663518035411835, 4.66217554807663, 4.650249326229096, 4.642547535896301, 4.632937383651734, 4.627658724784851, 4.624980866909027, 4.620199024677277, 4.6068245530128475, 4.613409841060639, 4.5999256610870365, 4.6004938125610355, 4.58589198589325, 4.589166593551636, 4.589553570747375, 4.588301396369934, 4.575008606910705, 4.573427534103393, 4.574584257602692, 4.569271373748779, 4.56830141544342, 4.558965182304382, 4.560063874721527, 4.560029852390289, 4.559172558784485, 4.558274352550507, 4.557369446754455, 4.551236605644226, 4.548704981803894, 4.546128559112549]}